City_ID,City,Lat,Lon,Max Temp,Humidity,Cloudiness,Wind Speed,Country,Date
0,edinburgh of the seven seas,-37.0676,-12.3116,16.37,83,100,12.8,SH,1686531764
1,tura,25.5198,90.2201,25.63,83,100,2.03,IN,1686531764
2,whitehorse,60.7161,-135.0538,14.45,41,75,8.23,CA,1686531581
3,bethel,41.3712,-73.414,22.05,69,75,3.6,US,1686531764
4,bisbee,31.4482,-109.9284,25.51,15,0,7.15,US,1686531701
5,keflavik,64.0049,-22.5624,8.95,76,100,7.72,IS,1686531725
6,dunedin,-45.8742,170.5036,12.67,54,100,2.12,NZ,1686531260
7,el alto,-4.2714,-81.2147,22.81,82,10,9.29,PE,1686531765
8,hamilton,39.1834,-84.5333,20.69,95,75,2.57,US,1686531684
9,igrim,63.1906,64.4162,5.18,57,34,5.24,RU,1686531765
10,vorgashor,67.5833,63.95,0.67,76,88,8.24,RU,1686531765
11,bam,29.106,58.357,29.19,26,82,5.19,IR,1686531765
12,lihue,21.9789,-159.3672,28.58,70,0,6.17,US,1686531546
13,chanika,-5.4167,38.0167,18.47,94,97,1.04,TZ,1686531766
14,grytviken,-54.2811,-36.5092,-3.86,83,51,4.87,GS,1686531766
15,hithadhoo,-0.6,73.0833,28.32,74,100,3.78,MV,1686531618
16,posse,-14.0931,-46.3694,22.24,44,20,1.89,BR,1686531532
17,sychevka,55.8252,34.2736,4.73,76,100,3.35,RU,1686531766
18,wuhai,39.6647,106.8122,24.51,19,35,2.77,CN,1686531767
19,blackmans bay,-43.0167,147.3167,12.63,72,81,2.79,AU,1686531767
20,yellowknife,62.456,-114.3525,4.29,93,100,6.71,CA,1686531755
21,hawaiian paradise park,19.5933,-154.9731,27.16,80,2,4.98,US,1686531767
22,stanley,54.868,-1.6985,15.16,91,0,1.54,GB,1686531767
23,waitangi,-43.9535,-176.5597,13.23,88,99,0.89,NZ,1686531767
24,iskateley,67.6803,53.1512,3.85,58,100,2.48,RU,1686531768
25,kyzyl-suu,42.3414,78.0056,17.48,59,23,0.67,KG,1686531768
26,ushuaia,-54.8,-68.3,0.81,93,100,10.29,AR,1686531397
27,bredasdorp,-34.5322,20.0403,13.34,84,85,7.6,ZA,1686531768
28,el calafate,-50.3408,-72.2768,0.47,70,0,4.96,AR,1686531768
29,albany,42.6001,-73.9662,20.74,83,67,2.15,US,1686531602
30,west island,-12.1568,96.8225,25.99,73,75,11.05,CC,1686531768
31,sao vicente,-23.9631,-46.3919,26.1,26,1,0.89,BR,1686531769
32,kalianget,-7.05,113.9333,28.14,73,100,6.06,ID,1686531769
33,jamestown,42.097,-79.2353,22.8,49,100,2.57,US,1686531652
34,zadar,44.1197,15.2422,17.34,94,0,1.03,HR,1686531475
35,qaqortoq,60.7167,-46.0333,4.38,82,7,2.4,GL,1686531770
36,nogliki,51.8333,143.1667,6.91,98,100,1.58,RU,1686531770
37,saldanha,-33.0117,17.9442,14.03,85,0,5.03,ZA,1686531714
38,puerto natales,-51.7236,-72.4875,5.01,80,70,6.58,CL,1686531770
39,thompson,55.7435,-97.8558,25.09,33,20,5.14,CA,1686531770
40,warrenton,-28.114,24.8475,11.36,27,80,4.04,ZA,1686531770
41,gondia,21.45,80.2,32.23,41,33,3.13,IN,1686531771
42,pavilosta,56.8879,21.1859,7.95,63,0,3.32,LV,1686531771
43,le port,-20.9373,55.2919,22.98,89,5,2.31,RE,1686531771
44,novyy urengoy,66.0833,76.6333,8.77,65,11,5.93,RU,1686531771
45,bilibino,68.0546,166.4372,17.67,48,100,5.9,RU,1686531771
46,tabou,4.423,-7.3528,25.16,81,98,5.05,CI,1686531772
47,puerto ayora,-0.7393,-90.3518,26.42,90,100,3.58,EC,1686531772
48,papatowai,-46.5619,169.4708,8.12,77,47,5.19,NZ,1686531772
49,lebu,-37.6167,-73.65,10.2,72,5,11.06,CL,1686531624
50,margaret river,-33.95,115.0667,14.91,65,100,5.7,AU,1686531621
51,adamstown,-25.066,-130.1015,20.9,57,64,6.97,PN,1686531772
52,diamantino,-14.4086,-56.4461,24.55,64,40,1.32,BR,1686531772
53,tiksi,71.6872,128.8694,0.27,90,100,5.82,RU,1686531773
54,saipan,15.1355,145.701,31.39,100,20,6.69,MP,1686531773
55,minas de marcona,-15.2119,-75.1103,11.9,88,37,6.33,PE,1686531773
56,port-aux-francais,-49.35,70.2167,5.29,92,100,17.71,TF,1686531677
57,thunder bay,48.4001,-89.3168,18.95,27,40,3.6,CA,1686531773
58,port douglas,-16.4833,145.4667,24.44,69,12,3.03,AU,1686531774
59,iqaluit,63.7506,-68.5145,1.85,64,75,11.83,CA,1686531774
60,klyuchi,52.2667,79.1667,17.75,53,0,0.96,RU,1686531774
61,ilulissat,69.2167,-51.1,9.01,61,100,6.17,GL,1686531774
62,ribeira grande,38.5167,-28.7,19.87,86,100,5.36,PT,1686531774
63,arawa,-6.2132,155.5367,30.54,65,73,2.41,PG,1686531774
64,hasaki,35.7333,140.8333,21.27,93,100,2.34,JP,1686531775
65,ocean shores,46.9737,-124.1563,20.21,81,0,4.63,US,1686531775
66,talara,-4.5772,-81.2719,24.42,83,0,6.69,PE,1686531775
67,la ronge,55.1001,-105.2842,29.14,28,0,5.66,CA,1686531775
68,leme,-22.1856,-47.3903,19.58,66,0,1.47,BR,1686531775
69,wynyard,-41.0,145.7167,11.66,90,100,3.06,AU,1686531775
70,badger,64.8,-147.5333,18.62,40,100,2.06,US,1686531776
71,colon,9.3592,-79.9014,28.86,75,98,4.47,PA,1686531776
72,la'ie,21.6477,-157.9253,30.98,65,11,2.24,US,1686531776
73,kilindoni,-7.9139,39.6668,26.25,69,80,6.62,TZ,1686531776
74,jiuquan,39.7432,98.5174,24.64,24,0,4.4,CN,1686531776
75,fort bragg,35.139,-79.006,22.47,96,20,3.09,US,1686531696
76,melfort,52.8667,-104.6177,27.07,26,90,4.63,CA,1686531777
77,antonio enes,-16.2325,39.9086,22.25,84,0,3.17,MZ,1686531737
78,zurrieq,35.8311,14.4742,21.65,94,75,3.09,MT,1686531777
79,abepura,-2.6333,140.5833,28.45,70,20,3.09,ID,1686531777
80,port elizabeth,-33.918,25.5701,15.17,95,20,5.66,ZA,1686531779
81,pedro ii,-4.4247,-41.4586,21.66,75,27,1.28,BR,1686531501
82,wailua homesteads,22.0669,-159.378,28.24,76,0,6.69,US,1686531779
83,vilyuchinsk,52.9306,158.4028,22.15,50,79,1.21,RU,1686531779
84,selfoss,63.9331,-20.9971,7.8,84,100,3.27,IS,1686531779
85,mossel bay,-34.1831,22.146,14.96,64,94,6.57,ZA,1686531780
86,pervomayskoye,43.919,46.7102,19.65,88,8,2.34,RU,1686531780
87,san antonio de pale,-1.4014,5.6325,24.75,86,100,5.39,GQ,1686531780
88,udachny,66.4167,112.4,1.92,80,31,6.31,RU,1686531780
89,debila,33.5167,6.95,29.04,42,0,3.09,DZ,1686531780
90,arraial do cabo,-22.9661,-42.0278,22.43,77,0,3.72,BR,1686531725
91,sena madureira,-9.0656,-68.6569,24.31,90,66,1.4,BR,1686531781
92,soba,10.9813,8.0575,21.33,91,100,3.17,NG,1686531782
93,bereznik,62.8551,42.7072,6.05,81,25,1.81,RU,1686531782
94,weno,7.4515,151.8468,30.97,74,75,4.63,FM,1686531782
95,longyearbyen,78.2186,15.6401,2.91,81,75,9.77,SJ,1686531782
96,nova vicosa,-17.8919,-39.3719,23.22,85,42,4.32,BR,1686531682
97,nagqu,31.5,92.0,5.93,61,44,3.43,CN,1686531783
98,daru,-9.0763,143.2092,26.84,84,100,6.42,PG,1686531783
99,kavieng,-2.5744,150.7967,29.2,73,64,6.31,PG,1686531783
100,fisterra,42.9049,-9.2629,16.12,89,100,4.6,ES,1686531784
101,dryden,49.7833,-92.7503,22.16,35,40,2.06,CA,1686531784
102,mandera,3.9366,41.867,25.33,65,49,5.98,KE,1686531739
103,paracale,14.2804,122.7881,30.75,69,93,5.12,PH,1686531784
104,zag,46.9441,99.165,19.01,44,50,1.18,MN,1686531784
105,cobija,-11.0267,-68.7692,24.58,83,11,1.08,BO,1686531784
106,cojasca,44.7167,25.85,17.92,89,15,2.84,RO,1686531785
107,karratha,-20.7377,116.8463,22.44,28,0,6.77,AU,1686531785
108,catemaco,18.4167,-95.1167,28.14,73,85,2.41,MX,1686531785
109,kirensk,57.7853,108.1119,13.1,57,44,3.42,RU,1686531785
110,hermanus,-34.4187,19.2345,12.67,82,4,8.58,ZA,1686531785
111,st. john's,47.5649,-52.7093,8.21,97,100,8.75,CA,1686531600
112,la gi,10.6667,107.7833,28.3,76,100,3.85,VN,1686531786
113,fort mcmurray,56.7268,-111.381,28.77,29,0,8.23,CA,1686531607
114,punta arenas,-53.15,-70.9167,2.84,86,98,10.21,CL,1686531122
115,beloretsk,53.9631,58.3981,6.98,64,100,1.22,RU,1686531786
116,cambria,35.5641,-121.0808,19.75,78,67,2.37,US,1686531598
117,salinopolis,-0.6136,-47.3561,26.24,85,7,4.76,BR,1686531787
118,trat,12.5,102.5,25.26,95,100,1.3,TH,1686531787
119,gadzhiyevo,69.2551,33.3362,8.06,90,100,10.12,RU,1686531787
120,goundi,9.3627,17.366,25.16,81,100,0.84,TD,1686531788
121,enewetak,11.3474,162.3373,28.02,80,91,7.7,MH,1686531788
122,holualoa,19.6228,-155.9522,25.91,87,100,4.12,US,1686531788
123,college,64.8569,-147.8028,18.66,41,100,3.6,US,1686531608
124,polyarnyy,69.1989,33.4478,7.96,91,100,10.2,RU,1686531788
125,bumba,2.1833,22.4667,22.74,83,85,0.77,CD,1686531788
126,posto fiscal rolim de moura,-13.0833,-62.2667,23.53,86,7,1.2,BR,1686531789
127,greymouth,-42.4667,171.2,11.64,72,72,2.07,NZ,1686531789
128,port alfred,-33.5906,26.891,17.98,36,50,6.44,ZA,1686531789
129,al 'amarah,31.8406,47.1396,34.42,17,0,4.94,IQ,1686531789
130,horawala junction,6.4809,80.1271,25.67,92,100,2.18,LK,1686531789
131,nakanojomachi,36.5833,138.85,24.2,77,100,0.45,JP,1686531790
132,akom ii,2.7833,10.5667,20.81,99,100,0.66,CM,1686531790
133,port mathurin,-19.6833,63.4167,24.74,73,1,7.83,MU,1686531790
134,syktyvkar,61.6764,50.8099,5.85,75,0,2.0,RU,1686531790
135,invercargill,-46.4,168.35,10.06,83,88,4.42,NZ,1686531769
136,quellon,-43.1167,-73.6167,8.14,81,100,3.6,CL,1686531791
137,cuito,-12.3833,16.9333,13.66,44,95,1.62,AO,1686531737
138,krasnoarmeysk,51.0239,45.6969,11.8,64,100,9.68,RU,1686531791
139,uturoa,-16.7333,-151.4333,26.76,71,12,6.8,PF,1686531791
140,kuanda,56.3161,116.0806,22.83,58,100,4.26,RU,1686531791
141,port lincoln,-34.7333,135.8667,15.27,60,99,7.33,AU,1686531791
142,kyzylorda,44.8528,65.5092,19.01,27,0,5.0,KZ,1686531792
143,kodoli,16.8833,74.2,23.61,83,10,1.83,IN,1686531792
144,chonchi,-42.6128,-73.8092,6.56,92,8,1.71,CL,1686531792
145,castillos,-34.1667,-53.8333,5.88,78,5,3.4,UY,1686531792
146,khovd,48.0056,91.6419,23.01,37,2,1.49,MN,1686531792
147,horasan,40.0458,42.1728,11.48,77,85,0.55,TR,1686531793
148,east ballina,-28.8667,153.5833,18.96,67,100,1.01,AU,1686531793
149,utrik,11.2278,169.8474,27.75,82,32,7.52,MH,1686531793
150,ryotsu-minato,38.0833,138.4333,22.85,76,100,1.14,JP,1686531793
151,aasiaat,68.7098,-52.8699,0.47,98,100,3.83,GL,1686531793
152,az zubayr,30.3945,47.7011,32.92,24,0,4.12,IQ,1686531793
153,nema,57.5067,50.5011,3.91,75,0,1.68,RU,1686531794
154,el hadjira,32.6134,5.5126,29.05,37,0,4.51,DZ,1686531794
155,pace,30.5994,-87.1611,28.08,81,40,5.14,US,1686531794
156,strathalbyn,-35.2667,138.9,16.51,69,100,6.65,AU,1686531794
157,dapa,9.7594,126.0531,28.59,72,100,0.91,PH,1686531794
158,richards bay,-28.783,32.0377,14.68,69,0,3.08,ZA,1686531794
159,akureyri,65.6835,-18.0878,10.96,54,0,11.83,IS,1686531795
160,isafjordur,66.0755,-23.124,7.8,82,76,6.15,IS,1686531795
161,las palmas,28.4204,-14.0131,20.44,68,0,3.09,ES,1686531592
162,waingapu,-9.6567,120.2641,27.08,69,100,7.87,ID,1686531795
163,howrah,22.5892,88.3103,30.0,84,40,2.06,IN,1686531795
164,happy valley-goose bay,53.3168,-60.3315,13.17,67,20,3.09,CA,1686531796
165,kavaratti,10.5669,72.642,29.39,76,83,10.12,IN,1686531796
166,bansi,27.1833,82.9333,33.02,45,0,4.63,IN,1686531796
167,troitsko-pechorsk,62.7084,56.1964,4.56,64,100,2.75,RU,1686531796
168,riohacha,11.5444,-72.9072,31.06,66,0,6.17,CO,1686531796
169,labrador city,52.9463,-66.9114,13.95,88,75,1.54,CA,1686531695
170,kiruna,67.8557,20.2251,5.51,81,100,3.09,SE,1686531797
171,okha,53.5739,142.9478,7.06,94,100,2.89,RU,1686531797
172,colonia,50.9333,6.95,19.92,59,0,1.03,DE,1686531721
173,avarua,-21.2078,-159.775,26.03,78,20,2.06,CK,1686531797
174,belen,36.4891,36.2233,16.12,91,100,1.96,TR,1686531673
175,ravar,31.2656,56.8055,26.77,31,3,2.49,IR,1686531798
176,fale old settlement,-9.3852,-171.2468,28.86,77,100,7.15,TK,1686531798
177,namdrik,5.5994,168.1028,28.72,78,86,7.92,MH,1686531798
178,callao,-12.0667,-77.15,22.16,73,100,6.69,PE,1686531779
179,kuraymah,18.55,31.85,34.13,21,99,2.87,SD,1686531799
180,vredendal,-31.6683,18.5012,13.88,92,100,6.56,ZA,1686531799
181,saint-pierre,-21.3393,55.4781,21.82,68,0,2.57,RE,1686531799
182,walvis bay,-22.9575,14.5053,11.72,100,0,3.09,NA,1686531799
183,gashua,12.871,11.0482,30.03,50,92,0.95,NG,1686531799
184,cockburn town,21.4612,-71.1419,28.03,87,5,7.89,TC,1686531800
185,djibouti,11.5,42.5,30.71,38,100,1.38,DJ,1686531800
186,pontevedra,42.431,-8.6444,18.97,91,100,1.12,ES,1686531800
187,afaahiti,-17.75,-149.2833,28.93,72,62,6.92,PF,1686531800
188,zhangzhou,24.5133,117.6556,28.96,80,73,0.77,CN,1686531800
189,aykhal,66.0,111.5,2.2,83,23,5.8,RU,1686531800
190,pisco,-13.7,-76.2167,20.03,77,0,6.17,PE,1686531587
191,khandyga,62.6667,135.6,18.47,63,100,3.1,RU,1686531801
192,flying fish cove,-10.4217,105.6791,25.82,94,100,5.14,CX,1686531801
193,xianshuigu,38.985,117.3828,23.0,64,6,3.0,CN,1686531801
194,olonkinbyen,70.9221,-8.7187,0.96,95,100,5.59,SJ,1686531801
195,saudarkrokur,65.7461,-19.6394,7.66,69,15,8.79,IS,1686531801
196,pangody,65.85,74.4859,7.24,79,100,4.9,RU,1686531561
197,ust-nera,64.5667,143.2,19.7,47,100,5.34,RU,1686531802
198,guiuan,11.0333,125.7247,28.9,74,100,4.49,PH,1686531802
199,nova sintra,14.8667,-24.7167,21.81,84,19,10.41,CV,1686531802
200,peace river,56.2501,-117.286,27.17,31,75,4.63,CA,1686531803
201,talnakh,69.4865,88.3972,8.45,56,100,5.45,RU,1686531803
202,georgetown,5.4112,100.3354,28.96,88,20,1.03,MY,1686531733
203,al hilaliyya,14.9398,33.234,25.96,61,24,4.21,SD,1686531803
204,hassi messaoud,31.6804,6.0729,30.92,35,0,3.09,DZ,1686531633
205,chadan,51.2833,91.5833,12.72,94,100,0.77,RU,1686531804
206,bethlehem,-1.4558,-48.5044,26.02,89,20,3.6,BR,1686531515
207,mae hong son,19.3003,97.9685,25.08,94,40,0.0,TH,1686531804
208,anadyr,64.75,177.4833,6.28,81,40,6.0,RU,1686531804
209,balkanabat,39.5108,54.3671,26.07,41,100,1.55,TM,1686531805
210,heunghae,36.1125,129.3522,22.6,77,4,2.86,KR,1686531805
211,piti village,13.4626,144.6933,30.49,83,20,7.2,GU,1686531805
212,margherita,27.2833,95.6833,23.04,100,100,0.74,IN,1686531805
213,yelizovo,53.1873,158.3805,22.08,35,20,3.0,RU,1686531805
214,luis correia,-2.8792,-41.6669,25.46,87,1,4.63,BR,1686531805
215,dzuunharaa,48.8523,106.4579,22.56,39,9,0.79,MN,1686531806
216,dolyna,48.9733,24.0094,8.86,97,100,2.02,UA,1686531806
217,cushing,35.9851,-96.767,26.06,57,40,5.14,US,1686531623
218,birobidzhan,48.8,132.95,17.97,93,100,1.84,RU,1686531807
219,katsuren-haebaru,26.3369,127.8719,28.21,89,75,1.54,JP,1686531807
220,xilin hot,43.9667,116.0333,17.56,50,90,6.69,CN,1686531807
221,rice lake,45.5061,-91.7382,17.92,46,0,6.17,US,1686531526
222,tynda,55.1667,124.7167,24.03,53,77,0.19,RU,1686531807
223,raghogarh,24.45,77.2,30.34,48,3,5.67,IN,1686531808
224,el colorado,-26.3081,-59.3729,11.9,43,100,2.94,AR,1686531808
225,puntarenas,9.9763,-84.8384,27.7,85,100,2.3,CR,1686531808
226,haiku-pauwela,20.9219,-156.3051,30.01,45,20,10.8,US,1686531808
227,sinabang,2.4803,96.3801,27.3,81,100,0.59,ID,1686531809
228,lethem,3.3803,-59.7968,26.24,75,25,2.34,GY,1686531809
229,ghadamis,30.1337,9.5007,24.24,51,0,5.82,LY,1686531739
230,dudinka,69.4058,86.1778,8.68,74,100,10.65,RU,1686531809
231,macapa,0.0389,-51.0664,27.99,89,75,3.6,BR,1686531521
232,leua,48.2156,18.6071,12.27,89,14,1.97,SK,1686531810
233,al abyar,32.19,20.5965,21.73,47,1,3.88,LY,1686531810
234,ghanzi,-21.5667,21.7833,16.43,23,5,3.78,BW,1686531810
235,chulakkurgan,43.765,69.1814,21.36,26,100,6.74,KZ,1686531810
236,concepcion,-36.827,-73.0498,7.89,81,0,3.09,CL,1686531688
237,dakhla,23.6848,-15.958,21.52,82,0,6.85,EH,1686531810
238,berriane,32.8265,3.7669,28.45,38,0,4.4,DZ,1686531811
239,cadale,2.7603,46.3222,25.93,81,100,8.62,SO,1686531811
240,agat village,13.3886,144.6585,30.53,83,20,7.2,GU,1686531811
241,flin flon,54.7682,-101.865,27.83,31,22,4.24,CA,1686531602
242,umluj,25.0213,37.2685,28.57,49,0,3.16,SA,1686531811
243,newman,37.3138,-121.0208,30.19,43,87,4.02,US,1686531811
244,at taj,24.2049,23.2857,30.01,23,0,3.25,LY,1686531812
245,springbok,-29.6643,17.8865,8.45,95,100,3.55,ZA,1686531812
246,nar'yan-mar,67.6713,53.087,3.92,58,100,2.4,RU,1686531812
247,iskushuban,10.2837,50.23,31.16,37,90,9.61,SO,1686531812
248,rongelap,11.1635,166.8941,27.73,81,99,7.42,MH,1686531812
249,san julian,21.0167,-102.1667,30.33,8,35,3.06,MX,1686531812
250,cremona,45.2333,9.9333,20.82,90,100,3.12,IT,1686531813
251,sakaiminato,35.55,133.2333,23.99,83,75,1.03,JP,1686531813
252,bellefonte,40.9134,-77.7783,24.35,55,100,2.41,US,1686531813
253,vila franca do campo,37.7167,-25.4333,18.23,84,100,2.63,PT,1686531813
254,papao,-17.75,-149.55,29.82,72,94,7.51,PF,1686531813
255,susuman,62.7833,148.1667,23.24,34,100,7.47,RU,1686531813
256,rabigh,22.7986,39.0349,29.24,66,74,4.04,SA,1686531814
257,darwin,-12.4611,130.8418,27.72,50,0,2.57,AU,1686531814
258,vadso,70.0744,29.7487,10.49,61,74,7.2,NO,1686531814
259,ciudad bolivar,8.1222,-63.5497,27.31,77,84,4.66,VE,1686531814
260,margate,51.3813,1.3862,16.5,88,92,1.79,GB,1686531527
261,acarau,-2.8856,-40.12,25.59,83,0,4.88,BR,1686531666
262,el granada,37.5027,-122.4694,21.71,79,75,7.2,US,1686531814
263,kerikeri,-35.2268,173.9474,18.28,78,10,1.34,NZ,1686531815
264,la palma,33.8464,-118.0467,20.28,76,100,4.12,US,1686531815
265,al mindak,20.1588,41.2834,20.78,42,43,1.16,SA,1686531815
266,kailua-kona,19.6406,-155.9956,26.39,90,51,1.34,US,1686531644
267,hilo,19.7297,-155.09,27.93,66,100,5.14,US,1686531785
268,kapuskasing,49.4169,-82.4331,13.05,58,75,2.57,CA,1686531815
269,waitara,-38.925,174.25,16.24,67,1,5.35,NZ,1686531816
270,manta,-0.95,-80.7333,26.67,89,75,8.05,EC,1686531816
271,inga,-7.2808,-35.6044,23.25,96,11,1.28,BR,1686531816
272,watsa,3.0372,29.5355,16.41,98,76,0.67,CD,1686531817
273,fort st. john,56.2499,-120.8529,25.94,34,75,1.03,CA,1686531522
274,codrington,-38.2667,141.9667,13.39,70,54,6.78,AU,1686531817
275,champerico,14.3,-91.9167,32.3,79,100,2.29,GT,1686531624
276,skvyra,49.7318,29.6657,9.53,85,100,5.26,UA,1686531817
277,maues,-3.3836,-57.7186,25.68,81,99,0.84,BR,1686531817
278,puerto lempira,15.2667,-83.7667,31.08,66,40,4.12,HN,1686531818
279,verkhnevilyuysk,63.4453,120.3167,6.42,69,100,4.37,RU,1686531818
280,kodiak,57.79,-152.4072,11.73,66,75,5.66,US,1686531818
281,kiunga,-6.1219,141.2906,24.55,98,97,1.17,PG,1686531818
282,kertih,4.5141,103.4483,26.01,88,40,0.0,MY,1686531818
283,palembang,-2.9167,104.7458,26.05,94,40,1.03,ID,1686531819
284,east london,-33.0153,27.9116,18.37,31,100,4.47,ZA,1686531819
285,gaspra,44.4333,34.1,17.96,94,88,3.78,UA,1686531819
286,sumbawa besar,-8.5,117.4333,27.94,59,100,3.13,ID,1686531819
287,petropavlovsk-kamchatsky,53.0452,158.6483,21.33,35,20,3.0,RU,1686531819
288,igarka,67.4667,86.5833,7.73,84,100,10.3,RU,1686531819
289,shingu,33.7333,135.9833,21.81,98,100,1.6,JP,1686531781
290,rantepao,-2.9701,119.8978,23.67,82,100,1.0,ID,1686531820
291,sinop,41.7711,34.8709,13.17,93,24,0.76,TR,1686531820
292,tindouf,27.6711,-8.1474,22.25,49,0,12.35,DZ,1686531820
293,palermo,37.8167,13.5833,19.18,87,100,1.49,IT,1686531299
294,mogocha,53.7333,119.7667,26.48,34,90,1.15,RU,1686531820
295,geraldton,-28.7667,114.6,12.23,82,100,2.57,AU,1686531821
296,san luis de la loma,17.2706,-100.8939,28.71,69,6,1.51,MX,1686531821
297,tejen,37.3834,60.5054,27.38,16,1,2.77,TM,1686531821
298,tobarra,38.5921,-1.6919,17.32,61,100,0.63,ES,1686531821
299,galliano,29.4422,-90.2992,30.0,62,40,3.6,US,1686531821
300,wotho,10.1657,166.0102,28.01,78,85,7.32,MH,1686531821
301,meadow lake,34.8014,-106.5436,29.39,16,82,8.33,US,1686531822
302,black point,-34.6187,137.8972,15.01,63,96,9.47,AU,1686531822
303,new norfolk,-42.7826,147.0587,13.29,67,46,1.57,AU,1686531822
304,atlantic city,39.3643,-74.4229,23.1,78,0,6.17,US,1686531100
305,okhotsk,59.3833,143.3,12.79,72,59,3.46,RU,1686531822
306,san patricio,28.017,-97.5169,30.92,74,0,6.49,US,1686531823
307,kem',64.9555,34.5793,13.17,62,100,5.43,RU,1686531823
308,grand rapids,42.9634,-85.6681,14.24,94,100,5.14,US,1686531823
309,crane,31.3974,-102.3501,34.29,24,66,6.03,US,1686531823
310,calca,-13.3333,-71.95,12.64,85,11,2.38,PE,1686531823
311,bodo,67.28,14.405,9.32,98,100,3.09,NO,1686531823
312,pervomaysk,48.0443,30.8507,13.41,84,100,6.03,UA,1686531824
313,baharly,38.4362,57.4316,27.81,31,81,2.74,TM,1686531824
314,dom pedrito,-30.9828,-54.6731,4.04,64,0,2.44,BR,1686531792
315,roma,43.2128,-75.4557,21.08,56,20,3.09,US,1686531824
316,nemuro,43.3236,145.575,12.49,98,100,5.41,JP,1686531824
317,coari,-4.085,-63.1414,24.28,89,8,1.59,BR,1686531637
318,molina,-35.1167,-71.2833,0.85,100,0,1.03,CL,1686531824
319,tazovsky,67.4667,78.7,8.79,78,20,5.31,RU,1686531825
320,justiniano posse,-32.8841,-62.6779,5.85,38,0,0.4,AR,1686531825
321,kenai,60.5544,-151.2583,14.05,47,100,2.57,US,1686531654
322,mount gambier,-37.8333,140.7667,13.25,67,0,5.25,AU,1686531825
323,kimbe,-5.5502,150.1429,30.81,66,31,0.94,PG,1686531825
324,plast,54.3691,60.8136,6.53,65,96,3.17,RU,1686531825
325,mossendjo,-2.9506,12.7261,20.42,99,100,1.18,CG,1686531826
326,miyaly,48.8844,53.7836,25.08,22,100,3.96,KZ,1686531826
327,salekhard,66.53,66.6019,4.39,72,100,7.17,RU,1686531826
328,vila velha,-20.3297,-40.2925,23.97,87,0,4.63,BR,1686531537
329,kolonia,50.9333,6.95,19.92,57,0,1.54,DE,1686531609
330,constantia,44.1833,28.65,17.61,89,38,7.29,RO,1686531674
331,tsiombe,-25.3,45.4833,17.81,85,63,1.53,MG,1686531826
332,sitka,57.0531,-135.33,10.51,93,100,2.15,US,1686531595
333,hadibu,12.65,54.0333,28.04,79,98,8.61,YE,1686531827
334,wudil,11.8107,8.8451,25.38,65,100,4.11,NG,1686531827
335,sanghar,26.0466,68.9481,30.93,56,3,5.09,PK,1686531827
336,cascais,38.6979,-9.4215,21.18,91,25,5.81,PT,1686531827
337,attingal,8.6833,76.8333,26.82,87,92,2.28,IN,1686531827
338,dongcun,36.7767,121.1597,24.22,54,61,3.97,CN,1686531828
339,alo,7.4178,6.7371,22.95,98,100,0.51,NG,1686531828
340,opuwo,-18.0607,13.84,13.72,46,2,2.52,NA,1686531828
341,mahina,-17.5065,-149.489,29.87,58,40,2.57,PF,1686531828
342,shimoda,34.6667,138.95,22.2,99,100,1.25,JP,1686531828
343,trashi yangtse,27.6116,91.498,19.73,89,58,0.65,BT,1686531828
344,kruisfontein,-34.0033,24.7314,12.93,78,74,7.58,ZA,1686531829
345,sisophon,13.5859,102.9737,26.3,85,100,2.68,KH,1686531829
346,fedorovskiy,45.0972,40.9517,16.68,92,38,1.22,RU,1686531829
347,tadine,-21.55,167.8833,23.29,49,46,5.15,NC,1686531829
348,ola,59.5833,151.2833,18.97,89,99,3.3,RU,1686531829
349,chumphon,10.3333,98.8333,23.91,88,100,2.79,TH,1686531829
350,lesina,41.8594,15.3527,19.77,86,9,3.86,IT,1686531830
351,guerrero negro,27.9769,-114.0611,19.32,61,0,7.6,MX,1686531816
352,ponta delgada,37.7333,-25.6667,18.4,82,40,3.09,PT,1686531610
353,prince albert,53.2001,-105.7677,27.97,30,75,7.72,CA,1686531759
354,suluru,13.7,80.0167,31.7,52,100,0.37,IN,1686531831
355,arrifes,37.7667,-25.7,17.14,82,40,3.09,PT,1686531831
356,ciudad lazaro cardenas,17.9583,-102.2,28.29,69,1,3.4,MX,1686531831
357,shaowu,27.3409,117.4831,28.68,69,94,0.84,CN,1686531831
358,mermoz boabab,14.7065,-17.4758,26.88,83,0,3.09,SN,1686531831
359,viedma,-40.8135,-62.9967,9.24,53,100,6.35,AR,1686531832
360,niafunke,15.9322,-3.9906,30.59,47,77,5.61,ML,1686531832
361,hawera,-39.5917,174.2833,13.56,70,0,3.97,NZ,1686531832
362,hammerfest,70.6634,23.6821,6.25,81,89,7.2,NO,1686531832
363,lebyazh'ye,55.2689,66.4947,8.19,60,100,3.41,RU,1686531832
364,albacete,38.8333,-2.0,19.55,88,0,1.54,ES,1686531832
365,benjamin constant,-4.3831,-70.0311,25.07,97,85,0.93,BR,1686531833
366,prabumulih,-3.45,104.25,26.13,79,18,2.09,ID,1686531833
367,demak,-6.8909,110.6396,26.98,75,100,4.15,ID,1686531834
368,vilyuysk,63.7553,121.6247,7.19,66,100,5.26,RU,1686531834
369,bakchar,57.0186,82.0711,14.16,62,100,3.5,RU,1686531834
370,chernyshevskiy,63.0128,112.4714,6.06,53,100,4.3,RU,1686531835
371,koz'modem'yansk,56.3367,46.5711,4.33,81,4,2.12,RU,1686531835
372,princeville,45.7668,-61.2985,12.36,90,0,3.6,CA,1686531835
373,lyangasovo,58.5176,49.4472,3.57,78,12,2.03,RU,1686531835
374,kone,-21.0595,164.8658,26.07,43,4,1.93,NC,1686531835
375,qamdo,31.1667,97.2333,3.49,81,100,1.85,CN,1686531836
376,luderitz,-26.6481,15.1594,15.06,70,98,2.77,NA,1686531836
377,sabang,5.8933,95.3214,28.82,73,100,8.11,ID,1686531836
378,magadan,59.5667,150.8,18.63,86,95,2.94,RU,1686531836
379,saint-francois,46.4154,3.9054,16.69,94,89,0.0,FR,1686531610
380,keetmanshoop,-26.5833,18.1333,8.51,57,0,3.6,NA,1686531836
381,mount pearl,47.5166,-52.7813,7.69,97,100,8.75,CA,1686531836
382,turinsk,58.0458,63.696,4.95,67,0,3.99,RU,1686531837
383,magalia,39.8121,-121.5783,25.84,50,49,2.39,US,1686531837
384,ulsteinvik,62.3432,5.8487,16.28,57,100,3.13,NO,1686531837
385,medinipur,22.4333,87.3333,30.41,81,100,4.11,IN,1686531837
386,savanna-la-mar,18.219,-78.1332,28.97,88,23,2.93,JM,1686531837
387,al jawf,29.5,38.75,23.87,39,0,7.66,SA,1686531838
388,saint-philippe,-21.3585,55.7679,21.77,79,37,3.22,RE,1686531743
389,emerald,-23.5333,148.1667,20.75,62,68,2.87,AU,1686531576
390,maintirano,-18.0667,44.0167,20.91,84,6,4.18,MG,1686531838
391,horta,38.5333,-28.6333,19.45,86,100,5.36,PT,1686531838
392,sola,-13.8833,167.55,26.25,76,37,9.38,VU,1686531838
393,egilsstadir,65.2653,-14.3948,10.95,54,0,4.63,IS,1686531797
394,dara,15.3484,-15.4799,33.98,38,91,4.56,SN,1686531839
395,mirabad,30.4362,61.8383,28.61,20,3,6.2,AF,1686531839
396,sao joao da barra,-21.6403,-41.0511,22.05,90,0,5.17,BR,1686531839
397,fukuecho,32.6881,128.8419,24.2,83,75,3.09,JP,1686531839
398,martapura,-3.4167,114.85,28.05,83,85,2.06,ID,1686531839
399,hami,42.8,93.45,34.52,12,0,4.43,CN,1686531839
400,mount isa,-20.7333,139.5,23.87,33,100,2.57,AU,1686531840
401,alice springs,-23.7,133.8833,21.23,41,75,3.09,AU,1686531753
402,kalawit,8.0667,122.5167,28.74,79,100,3.29,PH,1686531840
403,aral,40.5156,81.2636,30.69,13,32,2.22,CN,1686531840
404,uray,60.1247,64.7758,6.28,65,100,5.29,RU,1686531840
405,cidade velha,14.9167,-23.6167,26.26,61,0,8.23,CV,1686531840
406,enzan,35.7,138.7333,21.28,89,100,1.13,JP,1686531841
407,mollendo,-17.0231,-72.0147,17.01,78,80,2.51,PE,1686531841
408,cidreira,-30.1811,-50.2056,12.28,69,29,4.94,BR,1686531841
409,jackson,42.4165,-122.8345,30.64,34,89,4.92,US,1686531841
410,hola,51.5377,23.1902,10.46,100,62,2.15,PL,1686531842
411,port blair,11.6667,92.75,28.22,86,100,8.19,IN,1686531547
412,markaz-e woluswali-ye achin,34.1258,70.7078,26.67,41,0,0.67,AF,1686531843
413,sierra grande,-41.606,-65.3557,3.83,47,0,1.79,AR,1686531843
414,nuuk,64.1835,-51.7216,3.34,93,100,11.32,GL,1686531843
415,tshabong,-26.05,22.45,13.48,20,100,8.73,BW,1686531843
416,grand-bassam,5.2118,-3.7388,25.98,85,20,3.99,CI,1686531844
417,xiongzhou,25.1167,114.3,29.46,62,20,0.97,CN,1686531844
418,el bauga,18.262,33.9081,32.27,30,29,5.0,SD,1686531844
419,taroudant,30.4703,-8.877,18.06,84,0,1.71,MA,1686531845
420,tralee,52.2704,-9.7026,12.62,94,16,0.96,IE,1686531845
421,puerto armuelles,8.2833,-82.8667,27.99,88,100,2.24,PA,1686531845
422,ellensburg,46.9965,-120.5479,30.14,38,75,2.57,US,1686531845
423,joal-fadiout,14.1667,-16.8333,25.36,87,99,4.18,SN,1686531846
424,paracuru,-3.41,-39.0306,27.84,88,0,4.22,BR,1686531846
425,kongolo,-5.3833,27.0,22.61,63,74,0.95,CD,1686531846
426,vytegra,61.0064,36.4481,6.78,67,15,2.19,RU,1686531847
427,tarawa,1.419,172.984,31.05,70,75,2.57,KI,1686531847
428,lerwick,60.1545,-1.1494,11.0,96,84,3.75,GB,1686531847
429,touros,-5.1989,-35.4608,24.16,91,20,3.66,BR,1686531847
430,belyy yar,53.6039,91.3903,11.94,76,40,3.0,RU,1686531847
431,ketchikan,55.3422,-131.6461,16.26,59,100,5.14,US,1686531848
432,kununurra,-15.7667,128.7333,25.99,57,95,2.06,AU,1686531848
433,puerto baquerizo moreno,-0.9,-89.6,25.87,74,81,5.97,EC,1686531848
434,moramanga,-18.9333,48.2,14.04,89,72,0.21,MG,1686531848
435,kuressaare,58.2481,22.5039,8.3,87,5,1.54,EE,1686531848
436,reyes,-14.3167,-67.3833,22.31,97,5,0.83,BO,1686531849
437,celestun,20.8667,-90.4,28.55,80,0,6.96,MX,1686531849
438,espita,21.0167,-88.3167,33.03,66,81,2.11,MX,1686531849
439,gurupa,-1.405,-51.64,24.1,88,33,1.24,BR,1686531849
440,yulinshi,38.2906,109.7494,22.79,26,53,6.82,CN,1686531849
441,laayoune,27.1622,-13.2032,21.19,100,0,3.6,EH,1686531794
442,atafu village,-8.5421,-172.5159,28.84,77,38,5.97,TK,1686531850
443,chegdomyn,51.1167,133.0167,23.4,55,0,0.92,RU,1686531850
444,dalandzadgad,43.5708,104.425,24.92,16,12,5.04,MN,1686531850
445,tromso,69.6496,18.957,7.99,70,33,5.66,NO,1686531850
446,kasama,-10.2129,31.1808,11.69,78,41,1.02,ZM,1686531850
447,balykchy,42.4557,76.1861,18.78,75,100,1.08,KG,1686531851
448,motueka,-41.1333,173.0167,14.5,58,0,1.1,NZ,1686531851
449,morant bay,17.8815,-76.4093,29.79,88,23,4.15,JM,1686531851
450,alofi,-19.0595,-169.9187,24.94,78,80,5.14,NU,1686531851
451,buka,40.8108,69.1986,24.29,40,4,4.75,UZ,1686531852
452,zeya,53.75,127.2667,27.44,43,11,1.9,RU,1686531852
453,kristiansund,63.1115,7.732,14.36,67,75,2.06,NO,1686531852
454,tianpeng,30.9866,103.9393,23.26,42,100,0.41,CN,1686531852
455,vodnyy,63.5046,53.4095,3.52,69,31,2.54,RU,1686531853
456,khamis mushait,18.3064,42.7292,20.34,56,0,0.0,SA,1686531752
457,karor,31.2274,70.9492,33.87,36,0,1.93,PK,1686531853
458,manacapuru,-3.2997,-60.6206,24.9,90,36,1.3,BR,1686531853
459,morondava,-20.2833,44.2833,19.38,86,0,2.3,MG,1686531853
460,pelabuhanratu,-6.9875,106.5514,26.39,81,14,2.06,ID,1686531854
461,urangan,-25.3,152.9,21.1,69,3,1.1,AU,1686531854
462,chinchilla,-26.75,150.6333,20.57,51,1,3.62,AU,1686531854
463,pyhaselka,62.4333,29.9667,12.15,78,26,2.34,FI,1686531854
464,antigonish,45.6169,-61.9986,12.86,92,0,3.08,CA,1686531604
465,kyshtovka,56.555,76.6271,12.28,94,100,3.88,RU,1686531855
466,sarmanovo,55.2553,52.5891,6.38,70,100,3.16,RU,1686531855
467,yelanskiy,56.8419,62.5014,5.1,71,0,3.15,RU,1686531855
468,erenhot,43.6475,111.9767,18.42,39,35,2.65,CN,1686531855
469,ranikhet,29.65,79.4167,19.55,58,0,1.33,IN,1686531855
470,coahuayana de hidalgo,18.7,-103.6583,28.72,67,0,2.14,MX,1686531855
471,shakawe,-18.3667,21.85,14.63,36,1,0.75,BW,1686531738
472,ishigaki,24.3448,124.1572,27.07,94,75,0.51,JP,1686531856
473,amga,60.8953,131.9608,24.71,45,92,3.11,RU,1686531856
474,yorkton,51.2167,-102.4677,25.91,29,0,5.14,CA,1686531782
475,shalqar,47.8333,59.6,22.69,26,99,4.82,KZ,1686531857
476,juneau,58.3019,-134.4197,11.9,100,100,2.67,US,1686531604
477,qashyr,53.0675,76.1036,19.76,45,82,1.46,KZ,1686531857
478,bosobolo,4.1833,19.9,23.19,80,100,0.29,CD,1686531857
479,mumford,5.2618,-0.759,25.85,77,98,4.2,GH,1686531857
480,libenge,3.65,18.6333,22.34,90,100,0.65,CD,1686531858
481,chibougamau,49.9168,-74.3659,20.79,49,0,2.06,CA,1686531780
482,pindwara,24.8,73.0667,27.91,57,6,4.05,IN,1686531858
483,puerto la cruz,10.2167,-64.6167,26.62,83,54,6.97,VE,1686531639
484,bhimunipatnam,17.8833,83.4333,30.73,55,25,3.66,IN,1686531858
485,mata-utu,-13.2816,-176.1745,27.67,81,98,5.94,WF,1686531859
486,mlowo,-9.0,32.9833,13.12,87,86,1.71,TZ,1686531859
487,broken hill,-31.95,141.4333,15.49,41,0,3.72,AU,1686531619
488,taroa,8.7058,171.2275,28.29,79,100,7.29,MH,1686531859
489,tursunzoda,38.5144,68.2333,24.55,42,6,2.49,TJ,1686531859
490,santa cruz,-17.8,-63.1667,12.7,94,100,6.17,BO,1686531860
491,anloga,5.7947,0.8973,26.56,72,98,5.11,GH,1686531860
492,sandnessjoen,66.0217,12.6316,12.03,92,100,1.79,NO,1686531860
493,xichang,27.8964,102.2634,14.73,94,100,0.18,CN,1686531860
494,paradip garh,20.3167,86.6167,30.45,80,100,3.44,IN,1686531823
495,boguchany,58.3814,97.4531,13.33,44,0,2.43,RU,1686531861
496,antsohihy,-14.8796,47.9875,19.02,90,0,1.09,MG,1686531861
497,angol,-37.8,-72.7167,4.48,87,7,2.67,CL,1686531811
498,ar rutbah,33.0381,40.2848,23.57,43,0,5.49,IQ,1686531861
499,tshela,-4.9833,12.9333,22.07,98,100,0.86,CD,1686531862
500,al qitena,14.8648,32.3668,27.04,57,10,4.59,SD,1686531862
501,taoudenni,22.6783,-3.9836,33.71,11,0,5.22,ML,1686531862
502,rio grande,-32.035,-52.0986,6.06,63,1,4.89,BR,1686531862
503,cabinda,-5.55,12.2,25.08,88,100,3.09,AO,1686531862
504,tazacorte,28.629,-17.9293,21.75,83,0,2.57,ES,1686531862
505,sorong,-0.8833,131.25,24.14,91,100,3.25,ID,1686531863
506,wangqing,43.3218,129.7634,18.35,79,93,0.63,CN,1686531863
507,paita,-5.0892,-81.1144,24.41,79,3,8.24,PE,1686531863
508,santa cruz cabralia,-16.2781,-39.0247,22.13,94,20,0.51,BR,1686531863
509,geseke,51.65,8.5167,16.21,67,0,2.57,DE,1686531863
510,ubinskoye,55.3068,79.6802,15.68,60,69,5.24,RU,1686531864
511,barra de santo antonio,-9.4047,-35.5072,23.6,83,5,3.81,BR,1686531864
512,king's lynn,52.7517,0.3952,18.33,87,100,2.06,GB,1686531864
513,blagoveshchenka,52.8333,79.8667,15.71,61,0,0.61,RU,1686531864
514,kinango,-4.1372,39.3153,19.84,96,91,1.63,KE,1686531865
515,al qubbah,32.7616,22.2424,18.57,57,100,3.14,LY,1686531865
516,tolanaro,-25.0319,46.9987,17.04,94,0,0.0,MG,1686531865
517,jinghong,21.991,100.7341,23.57,98,99,0.41,CN,1686531865
518,kingston,17.997,-76.7936,29.53,76,20,7.72,JM,1686531197
519,vernon,50.2581,-119.2691,28.34,41,100,0.51,CA,1686531651
520,trincomalee,8.5711,81.2335,28.15,77,100,8.48,LK,1686531865
521,matoury,4.8483,-52.3317,24.98,94,100,0.0,GF,1686531866
522,shyshaky,49.8817,34.0112,11.3,87,100,6.67,UA,1686531866
523,gunnison,38.7,-107.0673,14.47,34,5,1.79,US,1686531866
524,shkurinskaya,46.5858,39.3599,15.4,96,100,2.71,RU,1686531866
525,illapel,-31.6308,-71.1653,8.97,85,0,1.13,CL,1686531371
526,dhone,15.4167,77.8833,26.83,65,54,6.64,IN,1686531867
527,yara,20.2753,-76.9533,25.52,82,15,1.37,CU,1686531867
528,cabedelo,-6.9811,-34.8339,24.37,86,47,3.7,BR,1686531680
529,pago pago,-14.2781,-170.7025,27.36,79,25,7.21,AS,1686531661
530,coquimbo,-29.9533,-71.3436,10.85,81,0,2.57,CL,1686531868
531,antofagasta,-23.65,-70.4,16.6,85,100,2.22,CL,1686531364
532,timimoun,29.2639,0.231,29.21,11,0,0.0,DZ,1686531868
533,ostroleka,53.0862,21.5757,9.4,74,0,3.71,PL,1686531868
534,sannicandro garganico,41.8384,15.5654,18.28,91,26,3.36,IT,1686531868
535,boa vista,2.8197,-60.6733,27.99,74,20,2.57,BR,1686531610
536,cloquet,46.7216,-92.4594,16.1,49,0,2.06,US,1686531869
537,gaiman,-43.2897,-65.4929,4.36,61,0,2.22,AR,1686531869
538,al khafji,28.4391,48.4913,33.79,29,0,4.61,SA,1686531869
539,pacific grove,36.6177,-121.9166,16.86,80,75,5.66,US,1686531869
540,'ain el bell,34.3438,3.2247,24.57,34,10,1.92,DZ,1686531869
541,port macquarie,-31.4333,152.9167,19.38,58,100,2.51,AU,1686531847
542,ugoofaaru,5.6667,73.0,28.59,78,69,8.91,MV,1686531870
543,bull savanna,17.8868,-77.5902,25.53,87,53,4.94,JM,1686531870
544,santa rosa,14.3122,121.1114,27.23,89,100,3.24,PH,1686531615
545,murzuq,25.9155,13.9184,32.22,13,4,5.53,LY,1686531870
